<?xml version="1.0" encoding="utf-8" ?><dwsync><file name="favicon.jpeg" server="Dawood shah/Applications/XAMPP/xamppfiles/htdocs" local="3564472260" remote="3564472260" Dst="-1" /><file name="network_add.png" server="Dawood shah/Applications/XAMPP/xamppfiles/htdocs" local="3567179600" remote="3567179600" Dst="-1" /><file name="show_student.png" server="Dawood shah/Applications/XAMPP/xamppfiles/htdocs" local="3567178881" remote="3567178881" Dst="-1" /><file name="list_student.png" server="Dawood shah/Applications/XAMPP/xamppfiles/htdocs" local="3567178965" remote="3567178965" Dst="-1" /><file name="add_book.jpeg" server="Dawood shah/Applications/XAMPP/xamppfiles/htdocs" local="3567180158" remote="3567180158" Dst="-1" /><file name="list.jpeg" server="Dawood shah/Applications/XAMPP/xamppfiles/htdocs" local="3567180289" remote="3567180289" Dst="-1" /><file name="search_book.jpeg" server="Dawood shah/Applications/XAMPP/xamppfiles/htdocs" local="3567180217" remote="3567180217" Dst="-1" /><file name="issue.jpeg" server="Dawood shah/Applications/XAMPP/xamppfiles/htdocs" local="3567182381" remote="3567182381" Dst="-1" /><file name="RETURN.jpg" server="Dawood shah/Applications/XAMPP/xamppfiles/htdocs" local="3567182575" remote="3567182575" Dst="-1" /><file name="logo.jpg" server="Dawood shah/Applications/XAMPP/xamppfiles/htdocs" local="3567333714" remote="3567333714" Dst="-1" /><file name="black.jpeg" server="Dawood shah/Applications/XAMPP/xamppfiles/htdocs" local="3567398144" remote="3567398144" Dst="-1" /><file name="list_std.png" server="Dawood shah/Applications/XAMPP/xamppfiles/htdocs" local="3567398391" remote="3567398391" Dst="-1" /><file name="searc_std.png" server="Dawood shah/Applications/XAMPP/xamppfiles/htdocs" local="3567398520" remote="3567398520" Dst="-1" /><file name="search_stdd.png" server="Dawood shah/Applications/XAMPP/xamppfiles/htdocs" local="3567398584" remote="3567398584" Dst="-1" /></dwsync>